Id,Name,Shape Library,Page ID,Contained By,Line Source,Line Destination,Source Arrow,Destination Arrow,Text Area 1
1,Page,,,,,,,,New Page
2,Preparation,Flowchart Shapes,1,,,,,,000. START: [Hey! Sorry I am late!]
3,Decision,Flowchart Shapes,1,,,,,,0. Decision 0
4,Preparation,Flowchart Shapes,1,,,,,,01. [But I brought you flowers!]
5,Preparation,Flowchart Shapes,1,,,,,,03. [I had diarrhea..]
6,Preparation,Flowchart Shapes,1,,,,,,02. [Oh! Don't start please!]
7,Display,Flowchart Shapes,1,,,,,,(0) {Excuse}
8,Display,Flowchart Shapes,1,,,,,,(0) {Conflict}
9,Display,Flowchart Shapes,1,,,,,,(0) {Compromise}
10,Process,Flowchart Shapes,1,,,,,,010. [Yeah like always...] <<SetFacialExpression(Anger) PlayAnimation(CrossArms)>>
11,Process,Flowchart Shapes,1,,,,,,0100. <<SetFacialExpression(Joy)>>
12,Process,Flowchart Shapes,1,,,,,,0300. <<SetFacialExpression(Disgust)>>
13,Process,Flowchart Shapes,1,,,,,,0101. [Ooohh Thank you!] <<PlayAnimation(UncrossArms)>>
14,Process,Flowchart Shapes,1,,,,,,0301. [Awe this is disgusting!]
15,Process,Flowchart Shapes,1,,,,,,0210. [I'll start if I want to!]
16,Connector,Flowchart Shapes,1,,,,,,
17,Connector,Flowchart Shapes,1,,,,,,
18,Connector,Flowchart Shapes,1,,,,,,
19,Merge,Flowchart Shapes,1,,,,,,1. Decision 1
20,Process,Flowchart Shapes,1,,,,,,0110. <<SetFacialExpression(Surprise)>>
21,Process,Flowchart Shapes,1,,,,,,0111. [And you think you can buy me with flowers?]
22,Connector,Flowchart Shapes,1,,,,,,
23,Display,Flowchart Shapes,1,,,,,,(0) {Acceptance}
24,Display,Flowchart Shapes,1,,,,,,(0) {Reject}
25,Process,Flowchart Shapes,1,,,,,,0200. <<SetFacialExpression(Sadness)>>
26,Process,Flowchart Shapes,1,,,,,,0201. [Pfff you don't care about me..] <<PlayAnimation(UncrossArms)>>
27,Connector,Flowchart Shapes,1,,,,,,
28,Merge,Flowchart Shapes,1,,,,,,2. Decision 2
29,Process,Flowchart Shapes,1,,,,,,0220. <<SetFacialExpression(Fear)>>
30,Process,Flowchart Shapes,1,,,,,,0221. [Don't scream at me.] <<PlayAnimation(UncrossArms)>>
31,Connector,Flowchart Shapes,1,,,,,,
32,Merge,Flowchart Shapes,1,,,,,,3. Decision 3
33,Process,Flowchart Shapes,1,,,,,,0300. <<SetFacialExpression(Surprise)>>
34,Process,Flowchart Shapes,1,,,,,,0301. [Are you ok?]
35,Connector,Flowchart Shapes,1,,,,,,
36,Display,Flowchart Shapes,1,,,,,,(0) {Self-pity}
37,Display,Flowchart Shapes,1,,,,,,(0) {Conflict}
38,Display,Flowchart Shapes,1,,,,,,(0) {Fear}
39,Display,Flowchart Shapes,1,,,,,,(0) {Compassion}
40,Display,Flowchart Shapes,1,,,,,,(0) {Reject}
41,Process,Flowchart Shapes,1,,,,,,00.<<Idle>>
42,Preparation,Flowchart Shapes,1,,,,,,04. [I have something to tell you..]
43,Display,Flowchart Shapes,1,,,,,,(0) {Ignore}
44,Process,Flowchart Shapes,1,,,,,,0401. <<SetFacialExpression()>>
45,Process,Flowchart Shapes,1,,,,,,0401. [What is it?] <<PlayAnimation(UncrossArms)>>
46,Connector,Flowchart Shapes,1,,,,,,
47,Merge,Flowchart Shapes,1,,,,,,4. Decision 4
48,Process,Flowchart Shapes,1,,,,,,0410. <<SetFacialExpression(Contempt)>>
49,Process,Flowchart Shapes,1,,,,,,0411. [That it will never happen again?]
50,Connector,Flowchart Shapes,1,,,,,,
51,Display,Flowchart Shapes,1,,,,,,(0) {Acceptance}
52,Display,Flowchart Shapes,1,,,,,,(0) {Irony}
53,Line,,1,,2,41,None,Arrow,
54,Line,,1,,10,3,None,Arrow,
55,Line,,1,,3,4,None,Arrow,
56,Line,,1,,3,5,None,Arrow,
57,Line,,1,,7,5,None,Arrow,
58,Line,,1,,8,6,None,Arrow,
59,Line,,1,,9,4,None,Arrow,
60,Line,,1,,11,13,None,Arrow,
61,Line,,1,,12,14,None,Arrow,
62,Line,,1,,14,16,None,Arrow,
63,Line,,1,,4,19,None,Arrow,
64,Line,,1,,5,32,None,Arrow,
65,Line,,1,,6,28,None,Arrow,
66,Line,,1,,15,17,None,Arrow,
67,Line,,1,,13,18,None,Arrow,
68,Line,,1,,20,21,None,Arrow,
69,Line,,1,,21,22,None,Arrow,
70,Line,,1,,19,11,None,Arrow,
71,Line,,1,,19,20,None,Arrow,
72,Line,,1,,23,11,None,Arrow,
73,Line,,1,,24,20,None,Arrow,
74,Line,,1,,28,25,None,Arrow,
75,Line,,1,,25,26,None,Arrow,
76,Line,,1,,26,27,None,Arrow,
77,Line,,1,,29,30,None,Arrow,
78,Line,,1,,30,31,None,Arrow,
79,Line,,1,,32,12,None,Arrow,
80,Line,,1,,33,34,None,Arrow,
81,Line,,1,,34,35,None,Arrow,
82,Line,,1,,32,33,None,Arrow,
83,Line,,1,,36,25,None,Arrow,
84,Line,,1,,37,15,None,Arrow,
85,Line,,1,,38,29,None,Arrow,
86,Line,,1,,39,33,None,Arrow,
87,Line,,1,,40,12,None,Arrow,
88,Line,,1,,41,10,None,Arrow,
89,Line,,1,,28,29,None,Arrow,
90,Line,,1,,28,15,None,Arrow,
91,Line,,1,,3,42,None,Arrow,
92,Line,,1,,43,42,None,Arrow,
93,Line,,1,,44,45,None,Arrow,
94,Line,,1,,42,47,None,Arrow,
95,Line,,1,,45,46,None,Arrow,
96,Line,,1,,48,49,None,Arrow,
97,Line,,1,,49,50,None,Arrow,
98,Line,,1,,47,44,None,Arrow,
99,Line,,1,,47,48,None,Arrow,
100,Line,,1,,51,44,None,Arrow,
101,Line,,1,,52,48,None,Arrow,
102,Line,,1,,3,6,None,Arrow,